120x80_PNGSheets/_Attack.png
120x80_PNGSheets/_Attack/_Attack-0.png
120x80_PNGSheets/_Attack/_Attack-1.png
120x80_PNGSheets/_Attack/_Attack-2.png
120x80_PNGSheets/_Attack/_Attack-3.png
120x80_PNGSheets/_Attack/ataque.atlas
120x80_PNGSheets/_Attack/ataque.png
120x80_PNGSheets/_Attack2.png
120x80_PNGSheets/_Attack2NoMovement.png
120x80_PNGSheets/_AttackCombo.png
120x80_PNGSheets/_AttackComboNoMovement.png
120x80_PNGSheets/_AttackNoMovement.png
120x80_PNGSheets/_Crouch.png
120x80_PNGSheets/_CrouchAttack.png
120x80_PNGSheets/_CrouchFull.png
120x80_PNGSheets/_CrouchFull/_CrouchFull-0.png
120x80_PNGSheets/_CrouchFull/_CrouchFull-1.png
120x80_PNGSheets/_CrouchFull/_CrouchFull-2.png
120x80_PNGSheets/_CrouchFull/quieto.atlas
120x80_PNGSheets/_CrouchFull/quieto.png
120x80_PNGSheets/_CrouchTransition.png
120x80_PNGSheets/_CrouchWalk.png
120x80_PNGSheets/_Dash.png
120x80_PNGSheets/_Death.png
120x80_PNGSheets/_DeathNoMovement.png
120x80_PNGSheets/_Fall.png
120x80_PNGSheets/_Hit.png
120x80_PNGSheets/_Idle.png
120x80_PNGSheets/_Jump.png
120x80_PNGSheets/_JumpFallInbetween.png
120x80_PNGSheets/_JumpFallInbetween/JUMP.atlas
120x80_PNGSheets/_JumpFallInbetween/JUMP.png
120x80_PNGSheets/_JumpFallInbetween/_JumpFallInbetween-0.png
120x80_PNGSheets/_JumpFallInbetween/_JumpFallInbetween-1.png
120x80_PNGSheets/_Roll.png
120x80_PNGSheets/_Run.png
120x80_PNGSheets/_Run/_Run-0.png
120x80_PNGSheets/_Run/_Run-1.png
120x80_PNGSheets/_Run/_Run-2.png
120x80_PNGSheets/_Run/_Run-3.png
120x80_PNGSheets/_Run/_Run-4.png
120x80_PNGSheets/_Run/_Run-5.png
120x80_PNGSheets/_Run/_Run-6.png
120x80_PNGSheets/_Run/_Run-7.png
120x80_PNGSheets/_Run/_Run-8.png
120x80_PNGSheets/_Run/_Run-9.png
120x80_PNGSheets/_Run/run.atlas
120x80_PNGSheets/_Run/run.png
120x80_PNGSheets/_Slide.png
120x80_PNGSheets/_SlideFull.png
120x80_PNGSheets/_SlideTransitionEnd.png
120x80_PNGSheets/_SlideTransitionStart.png
120x80_PNGSheets/_TurnAround.png
120x80_PNGSheets/_WallClimb.png
120x80_PNGSheets/_WallClimbNoMovement.png
120x80_PNGSheets/_WallHang.png
120x80_PNGSheets/_WallSlide.png
Arquero.atlas
Arquero.png
Bandido.atlas
Bandido.png
Barbaro.atlas
Barbaro.png
Bruja_Fuego.atlas
Bruja_Fuego.png
Esqueleto.atlas
Esqueleto.png
Golem.atlas
Golem.png
IconoApp.png
Mario.png
Musica/Castillo.mp3
Musica/Caverna.mp3
Musica/Columnas.mp3
Musica/Laboratorio_Laton.mp3
Musica/Laboratorio_Vapor.mp3
Musica/Luna.mp3
Musica/Musica-menu.mp3
Musica/Villa.mp3
Necromancer.atlas
Necromancer.png
Personaje render.atlas
Personajes_Laboratorio.atlas
Personajes_Laboratorio.png
Protagonista.png
Tiled/CiberPunk.tsx
Tiled/Cielo.tsx
Tiled/Ciudad.tmx
Tiled/Ciudad.tsx
Tiled/Decoracion Ciudad.tsx
Tiled/Edificio.tsx
Tiled/FondoCiberpunk.tsx
Tiled/FondoCiudad.tsx
Tiled/GandalfHardcore City Tiles/Aseprite file/Building Tiles 32x32.aseprite
Tiled/GandalfHardcore City Tiles/Aseprite file/City background.aseprite
Tiled/GandalfHardcore City Tiles/Aseprite file/Decoration 32x32.aseprite
Tiled/GandalfHardcore City Tiles/Aseprite file/Floor tiles 32x32.ase
Tiled/GandalfHardcore City Tiles/Building Tiles 32x32.png
Tiled/GandalfHardcore City Tiles/City background layer1.png
Tiled/GandalfHardcore City Tiles/City background layer2.png
Tiled/GandalfHardcore City Tiles/City background sky.png
Tiled/GandalfHardcore City Tiles/City background.png
Tiled/GandalfHardcore City Tiles/Decoration 32x32.png
Tiled/GandalfHardcore City Tiles/GandalfHardcore city tiles 32x32.png
Tiled/GandalfHardcore City Tiles/Links.txt
Tiled/GandalfHardcore City Tiles/READ ME.txt
Tiled/Laboratorio.tsx
Tiled/Laboratorio/32x32/Interiors_free_32x32.png
Tiled/Laboratorio/32x32/Room_Builder_free_32x32.png
Tiled/MagicLand.tmx
Tiled/Mapas.tiled-project
Tiled/Mapas.tiled-session
Tiled/README.md
Tiled/SueloCiberpunk.tsx
Tiled/Suelos_Laboratorio.tsx
Tiled/Texture calle villa/TX Chest Animation.png
Tiled/Texture calle villa/TX FX Flame.png
Tiled/Texture calle villa/TX FX Torch Flame.png
Tiled/Texture calle villa/TX Tileset Ground.png
Tiled/Texture calle villa/TX Village Props.png
Tiled/Texture calle villa/cielo.jpg
Tiled/ciber.tsx
Tiled/fondo-Cyberpunk platformer/License.txt
Tiled/fondo-Cyberpunk platformer/background/parallax_background_layer_1.png
Tiled/fondo-Cyberpunk platformer/background/parallax_background_layer_2.png
Tiled/fondo-Cyberpunk platformer/background/parallax_background_layer_3.png
Tiled/fondo-Cyberpunk platformer/background/parallax_background_layer_4.png
Tiled/fondo-Cyberpunk platformer/background/parallax_background_layer_5.png
Tiled/fondo-Cyberpunk platformer/background/parallax_background_layer_6.png
Tiled/fondo-Cyberpunk platformer/buildings/building_01.png
Tiled/fondo-Cyberpunk platformer/buildings/building_02.png
Tiled/fondo-Cyberpunk platformer/buildings/building_03.png
Tiled/fondo-Cyberpunk platformer/buildings/building_04.png
Tiled/fondo-Cyberpunk platformer/buildings/building_05.png
Tiled/fondo-Cyberpunk platformer/tileset/decorations.png
Tiled/fondo-Cyberpunk platformer/tileset/main_tileset.png
Tiled/gameart2d-desert.png
Tiled/gameart2d-desert.tmx
Tiled/jb-32-Tileset.png
Tiled/jb-32.tmx
Tiled/level25-Tileset.png
Tiled/level25.tmx
Tiled/magiclanddizzy_tiles.gif
Tiled/mylevel1.tmx
Tiled/mylevel1_tiles.png
Tiled/nivel_laboratorio.tmx
Tiled/nivel_villa.tmx
Tiled/props.tsx
Tiled/sin nombre.tiled-session
Tiled/tierra.tsx
Totem.atlas
Totem.png
Videos/Video Final.mp4
Videos/Video Final.ogg
Videos/video0_1.mp4
Videos/video0_1.ogg
Videos/video1_1.mp4
Videos/video1_1.ogg
Videos/video1_2.mp4
Videos/video1_2.ogg
Videos/video1_3.mp4
Videos/video1_3.ogg
Videos/video1_4.mp4
Videos/video1_4.ogg
Videos/video2_1.mp4
Videos/video2_1.ogg
Videos/video2_2.mp4
Videos/video2_2.ogg
Videos/video3_1.mp4
Videos/video3_1.ogg
Videos/video3_2.mp4
Videos/video3_2.ogg
Videos/video3_3.mp4
Videos/video3_3.ogg
Videos/video3_4.mp4
Videos/video3_4.ogg
Videos/video4_1.mp4
Videos/video4_1.ogg
Videos/video4_2.mp4
Videos/video4_2.ogg
Videos/video4_3.mp4
Videos/video4_3.ogg
Videos/video4_4.mp4
Videos/video4_4.ogg
Videos/video5_1.mp4
Videos/video5_1.ogg
Videos/video5_2.mp4
Videos/video5_2.ogg
Videos/video5_3.mp4
Videos/video5_3.ogg
Videos/video5_4.mp4
Videos/video5_4.ogg
corazon_lleno.png
corazon_vacio.png
dialogos/dialogos.json
fondo-menu.png
fondo.jpg
fonts/BitcountSingle_Cursive-Black.ttf
fonts/PixelifySans-SemiBold.ttf
fonts/retrocomputer.ttf
libgdx.png
mapas/fondos/Texture calle villa/TX Chest Animation.png
mapas/fondos/Texture calle villa/TX FX Flame.png
mapas/fondos/Texture calle villa/TX FX Torch Flame.png
mapas/fondos/Texture calle villa/TX Tileset Ground.png
mapas/fondos/Texture calle villa/TX Village Props.png
mapas/fondos/biblioteca Metroidvania Library Asset Pack/Full Asset 1.png
mapas/fondos/biblioteca Metroidvania Library Asset Pack/Full Asset 2.png
mapas/fondos/biblioteca Metroidvania Library Asset Pack/Metroidvania Library Asset Pack.psd
mapas/fondos/biblioteca Metroidvania Library Asset Pack/spin off/BG 1/BC_Book_1.png
mapas/fondos/biblioteca Metroidvania Library Asset Pack/spin off/BG 1/BC_Book_10.png
mapas/fondos/biblioteca Metroidvania Library Asset Pack/spin off/BG 1/BC_Book_11.png
mapas/fondos/biblioteca Metroidvania Library Asset Pack/spin off/BG 1/BC_Book_12.png
mapas/fondos/biblioteca Metroidvania Library Asset Pack/spin off/BG 1/BC_Book_13.png
mapas/fondos/biblioteca Metroidvania Library Asset Pack/spin off/BG 1/BC_Book_14.png
mapas/fondos/biblioteca Metroidvania Library Asset Pack/spin off/BG 1/BC_Book_15.png
mapas/fondos/biblioteca Metroidvania Library Asset Pack/spin off/BG 1/BC_Book_16.png
mapas/fondos/biblioteca Metroidvania Library Asset Pack/spin off/BG 1/BC_Book_17.png
mapas/fondos/biblioteca Metroidvania Library Asset Pack/spin off/BG 1/BC_Book_18.png
mapas/fondos/biblioteca Metroidvania Library Asset Pack/spin off/BG 1/BC_Book_19.png
mapas/fondos/biblioteca Metroidvania Library Asset Pack/spin off/BG 1/BC_Book_2.png
mapas/fondos/biblioteca Metroidvania Library Asset Pack/spin off/BG 1/BC_Book_20.png
mapas/fondos/biblioteca Metroidvania Library Asset Pack/spin off/BG 1/BC_Book_21.png
mapas/fondos/biblioteca Metroidvania Library Asset Pack/spin off/BG 1/BC_Book_22.png
mapas/fondos/biblioteca Metroidvania Library Asset Pack/spin off/BG 1/BC_Book_23.png
mapas/fondos/biblioteca Metroidvania Library Asset Pack/spin off/BG 1/BC_Book_24.png
mapas/fondos/biblioteca Metroidvania Library Asset Pack/spin off/BG 1/BC_Book_3.png
mapas/fondos/biblioteca Metroidvania Library Asset Pack/spin off/BG 1/BC_Book_4.png
mapas/fondos/biblioteca Metroidvania Library Asset Pack/spin off/BG 1/BC_Book_5.png
mapas/fondos/biblioteca Metroidvania Library Asset Pack/spin off/BG 1/BC_Book_6.png
mapas/fondos/biblioteca Metroidvania Library Asset Pack/spin off/BG 1/BC_Book_7.png
mapas/fondos/biblioteca Metroidvania Library Asset Pack/spin off/BG 1/BC_Book_8.png
mapas/fondos/biblioteca Metroidvania Library Asset Pack/spin off/BG 1/BC_Book_9.png
mapas/fondos/biblioteca Metroidvania Library Asset Pack/spin off/BG 1/book group_1.png
mapas/fondos/biblioteca Metroidvania Library Asset Pack/spin off/BG 1/book group_2.png
mapas/fondos/biblioteca Metroidvania Library Asset Pack/spin off/BG 1/book group_3.png
mapas/fondos/biblioteca Metroidvania Library Asset Pack/spin off/BG 1/book group_4.png
mapas/fondos/biblioteca Metroidvania Library Asset Pack/spin off/BG 1/book group_5.png
mapas/fondos/biblioteca Metroidvania Library Asset Pack/spin off/BG 1/book group_6.png
mapas/fondos/biblioteca Metroidvania Library Asset Pack/spin off/BG 1/book group_7.png
mapas/fondos/biblioteca Metroidvania Library Asset Pack/spin off/BG 1/book group_8.png
mapas/fondos/biblioteca Metroidvania Library Asset Pack/spin off/BG 1/book group_9.png
mapas/fondos/biblioteca Metroidvania Library Asset Pack/spin off/BG 1/bookcase_1.png
mapas/fondos/biblioteca Metroidvania Library Asset Pack/spin off/BG 1/bookcase_2.png
mapas/fondos/biblioteca Metroidvania Library Asset Pack/spin off/BG 1/bookcase_3.png
mapas/fondos/biblioteca Metroidvania Library Asset Pack/spin off/BG 1/curtain_1.png
mapas/fondos/biblioteca Metroidvania Library Asset Pack/spin off/BG 1/curtain_2.png
mapas/fondos/biblioteca Metroidvania Library Asset Pack/spin off/BG 1/curtain_3.png
mapas/fondos/biblioteca Metroidvania Library Asset Pack/spin off/BG 1/curtain_4.png
mapas/fondos/biblioteca Metroidvania Library Asset Pack/spin off/BG 1/stairs_1.png
mapas/fondos/biblioteca Metroidvania Library Asset Pack/spin off/BG 1/stairs_2.png
mapas/fondos/biblioteca Metroidvania Library Asset Pack/spin off/BG 1/upstair_1.png
mapas/fondos/biblioteca Metroidvania Library Asset Pack/spin off/BG 1/upstair_2.png
mapas/fondos/biblioteca Metroidvania Library Asset Pack/spin off/BG 1/upstair_3.png
mapas/fondos/biblioteca Metroidvania Library Asset Pack/spin off/BG 2/Books back.png
mapas/fondos/biblioteca Metroidvania Library Asset Pack/spin off/BG 2/Books front .png
mapas/fondos/biblioteca Metroidvania Library Asset Pack/spin off/BG 2/external room_1.png
mapas/fondos/biblioteca Metroidvania Library Asset Pack/spin off/BG 2/external room_2.png
mapas/fondos/biblioteca Metroidvania Library Asset Pack/spin off/BG 2/external room_3.png
mapas/fondos/biblioteca Metroidvania Library Asset Pack/spin off/BG 2/external room_4.png
mapas/fondos/biblioteca Metroidvania Library Asset Pack/spin off/BG 2/external room_5.png
mapas/fondos/biblioteca Metroidvania Library Asset Pack/spin off/BG 2/loop background_1.png
mapas/fondos/biblioteca Metroidvania Library Asset Pack/spin off/BG 2/loop background_2.png
mapas/fondos/biblioteca Metroidvania Library Asset Pack/spin off/BG 2/open floor_1.png
mapas/fondos/biblioteca Metroidvania Library Asset Pack/spin off/BG 2/open floor_2.png
mapas/fondos/biblioteca Metroidvania Library Asset Pack/spin off/BG 2/open floor_3.png
mapas/fondos/biblioteca Metroidvania Library Asset Pack/spin off/BG 2/open floor_4.png
mapas/fondos/biblioteca Metroidvania Library Asset Pack/spin off/BG 2/second floor_1.png
mapas/fondos/biblioteca Metroidvania Library Asset Pack/spin off/BG 2/second floor_2.png
mapas/fondos/biblioteca Metroidvania Library Asset Pack/spin off/BG 2/second floor_3.png
mapas/fondos/biblioteca Metroidvania Library Asset Pack/spin off/BG 2/second floor_4.png
mapas/fondos/biblioteca Metroidvania Library Asset Pack/spin off/BG 2/second floor_5.png
mapas/fondos/biblioteca Metroidvania Library Asset Pack/spin off/BG 2/second floor_6.png
mapas/fondos/biblioteca Metroidvania Library Asset Pack/spin off/BG 2/spiral staircase.png
mapas/fondos/biblioteca Metroidvania Library Asset Pack/spin off/BG 2/stuff_1.png
mapas/fondos/biblioteca Metroidvania Library Asset Pack/spin off/BG 2/stuff_10.png
mapas/fondos/biblioteca Metroidvania Library Asset Pack/spin off/BG 2/stuff_11.png
mapas/fondos/biblioteca Metroidvania Library Asset Pack/spin off/BG 2/stuff_12.png
mapas/fondos/biblioteca Metroidvania Library Asset Pack/spin off/BG 2/stuff_13.png
mapas/fondos/biblioteca Metroidvania Library Asset Pack/spin off/BG 2/stuff_14.png
mapas/fondos/biblioteca Metroidvania Library Asset Pack/spin off/BG 2/stuff_15.png
mapas/fondos/biblioteca Metroidvania Library Asset Pack/spin off/BG 2/stuff_16.png
mapas/fondos/biblioteca Metroidvania Library Asset Pack/spin off/BG 2/stuff_2.png
mapas/fondos/biblioteca Metroidvania Library Asset Pack/spin off/BG 2/stuff_3.png
mapas/fondos/biblioteca Metroidvania Library Asset Pack/spin off/BG 2/stuff_4.png
mapas/fondos/biblioteca Metroidvania Library Asset Pack/spin off/BG 2/stuff_5.png
mapas/fondos/biblioteca Metroidvania Library Asset Pack/spin off/BG 2/stuff_6.png
mapas/fondos/biblioteca Metroidvania Library Asset Pack/spin off/BG 2/stuff_7.png
mapas/fondos/biblioteca Metroidvania Library Asset Pack/spin off/BG 2/stuff_8.png
mapas/fondos/biblioteca Metroidvania Library Asset Pack/spin off/BG 2/stuff_9.png
mapas/fondos/biblioteca Metroidvania Library Asset Pack/spin off/BG 2/transport platform_1.png
mapas/fondos/biblioteca Metroidvania Library Asset Pack/spin off/BG 2/transport platform_2.png
mapas/fondos/biblioteca Metroidvania Library Asset Pack/spin off/BG 2/transport platform_3.png
mapas/fondos/biblioteca Metroidvania Library Asset Pack/spin off/BG 2/transport platform_4.png
mapas/fondos/biblioteca Metroidvania Library Asset Pack/spin off/BG 2/transport platform_5.png
mapas/fondos/biblioteca Metroidvania Library Asset Pack/spin off/Books/Book_1.png
mapas/fondos/biblioteca Metroidvania Library Asset Pack/spin off/Books/Book_10.png
mapas/fondos/biblioteca Metroidvania Library Asset Pack/spin off/Books/Book_11.png
mapas/fondos/biblioteca Metroidvania Library Asset Pack/spin off/Books/Book_12.png
mapas/fondos/biblioteca Metroidvania Library Asset Pack/spin off/Books/Book_2.png
mapas/fondos/biblioteca Metroidvania Library Asset Pack/spin off/Books/Book_3.png
mapas/fondos/biblioteca Metroidvania Library Asset Pack/spin off/Books/Book_4.png
mapas/fondos/biblioteca Metroidvania Library Asset Pack/spin off/Books/Book_5.png
mapas/fondos/biblioteca Metroidvania Library Asset Pack/spin off/Books/Book_6.png
mapas/fondos/biblioteca Metroidvania Library Asset Pack/spin off/Books/Book_7.png
mapas/fondos/biblioteca Metroidvania Library Asset Pack/spin off/Books/Book_8.png
mapas/fondos/biblioteca Metroidvania Library Asset Pack/spin off/Books/Book_9.png
mapas/fondos/biblioteca Metroidvania Library Asset Pack/spin off/Books/Books 1.png
mapas/fondos/biblioteca Metroidvania Library Asset Pack/spin off/Books/Books 2.png
mapas/fondos/biblioteca Metroidvania Library Asset Pack/spin off/Books/Books hand.png
mapas/fondos/biblioteca Metroidvania Library Asset Pack/spin off/bookcase tower/BT_stairs_1.png
mapas/fondos/biblioteca Metroidvania Library Asset Pack/spin off/bookcase tower/BT_stairs_2.png
mapas/fondos/biblioteca Metroidvania Library Asset Pack/spin off/bookcase tower/BT_stairs_3.png
mapas/fondos/biblioteca Metroidvania Library Asset Pack/spin off/bookcase tower/BT_stairs_4.png
mapas/fondos/biblioteca Metroidvania Library Asset Pack/spin off/bookcase tower/BT_stairs_5.png
mapas/fondos/biblioteca Metroidvania Library Asset Pack/spin off/bookcase tower/bookcase tower.png
mapas/fondos/biblioteca Metroidvania Library Asset Pack/spin off/tiles/bookcase tiles_1.png
mapas/fondos/biblioteca Metroidvania Library Asset Pack/spin off/tiles/bookcase tiles_2.png
mapas/fondos/biblioteca Metroidvania Library Asset Pack/spin off/tiles/bookcase tiles_3.png
mapas/fondos/biblioteca Metroidvania Library Asset Pack/spin off/tiles/bookcase tiles_4.png
mapas/fondos/biblioteca Metroidvania Library Asset Pack/spin off/tiles/tiles_1.png
mapas/fondos/biblioteca Metroidvania Library Asset Pack/spin off/tiles/tiles_10.png
mapas/fondos/biblioteca Metroidvania Library Asset Pack/spin off/tiles/tiles_11.png
mapas/fondos/biblioteca Metroidvania Library Asset Pack/spin off/tiles/tiles_12.png
mapas/fondos/biblioteca Metroidvania Library Asset Pack/spin off/tiles/tiles_13.png
mapas/fondos/biblioteca Metroidvania Library Asset Pack/spin off/tiles/tiles_14.png
mapas/fondos/biblioteca Metroidvania Library Asset Pack/spin off/tiles/tiles_15.png
mapas/fondos/biblioteca Metroidvania Library Asset Pack/spin off/tiles/tiles_16.png
mapas/fondos/biblioteca Metroidvania Library Asset Pack/spin off/tiles/tiles_17.png
mapas/fondos/biblioteca Metroidvania Library Asset Pack/spin off/tiles/tiles_18.png
mapas/fondos/biblioteca Metroidvania Library Asset Pack/spin off/tiles/tiles_19.png
mapas/fondos/biblioteca Metroidvania Library Asset Pack/spin off/tiles/tiles_2.png
mapas/fondos/biblioteca Metroidvania Library Asset Pack/spin off/tiles/tiles_20.png
mapas/fondos/biblioteca Metroidvania Library Asset Pack/spin off/tiles/tiles_21.png
mapas/fondos/biblioteca Metroidvania Library Asset Pack/spin off/tiles/tiles_22.png
mapas/fondos/biblioteca Metroidvania Library Asset Pack/spin off/tiles/tiles_23.png
mapas/fondos/biblioteca Metroidvania Library Asset Pack/spin off/tiles/tiles_24.png
mapas/fondos/biblioteca Metroidvania Library Asset Pack/spin off/tiles/tiles_25.png
mapas/fondos/biblioteca Metroidvania Library Asset Pack/spin off/tiles/tiles_3.png
mapas/fondos/biblioteca Metroidvania Library Asset Pack/spin off/tiles/tiles_4.png
mapas/fondos/biblioteca Metroidvania Library Asset Pack/spin off/tiles/tiles_5.png
mapas/fondos/biblioteca Metroidvania Library Asset Pack/spin off/tiles/tiles_6.png
mapas/fondos/biblioteca Metroidvania Library Asset Pack/spin off/tiles/tiles_7.png
mapas/fondos/biblioteca Metroidvania Library Asset Pack/spin off/tiles/tiles_8.png
mapas/fondos/biblioteca Metroidvania Library Asset Pack/spin off/tiles/tiles_9.png
mapas/fondos/cementerio/Background1.png
mapas/fondos/cementerio/Background2.png
mapas/fondos/cementerio/Background3.png
mapas/fondos/cementerio/Background4.png
mapas/fondos/cementerio/Graveyard_TileSet.png
mapas/fondos/desierto/Tree.png
mapas/fondos/desierto/bones.png
mapas/fondos/desierto/buildings.png
mapas/fondos/desierto/rocks.png
mapas/fondos/desierto/trees2.png
mapas/fondos/laboratorio ciberpunk cenital/Readme.txt
mapas/fondos/laboratorio ciberpunk cenital/Thumbs.db
mapas/fondos/laboratorio ciberpunk cenital/pixel-cyberpunk-interior.png
mapas/fondos/laboratorio cientifico/Barrier_Control_Panel/Individual_PNGs/barrier_deactivate/tile000.png
mapas/fondos/laboratorio cientifico/Barrier_Control_Panel/Individual_PNGs/barrier_deactivate/tile001.png
mapas/fondos/laboratorio cientifico/Barrier_Control_Panel/Individual_PNGs/barrier_deactivate/tile002.png
mapas/fondos/laboratorio cientifico/Barrier_Control_Panel/Individual_PNGs/barrier_deactivate/tile003.png
mapas/fondos/laboratorio cientifico/Barrier_Control_Panel/Individual_PNGs/barrier_deactivate/tile004.png
mapas/fondos/laboratorio cientifico/Barrier_Control_Panel/Individual_PNGs/barrier_deactivate/tile005.png
mapas/fondos/laboratorio cientifico/Barrier_Control_Panel/Individual_PNGs/barrier_deactivate/tile006.png
mapas/fondos/laboratorio cientifico/Barrier_Control_Panel/Individual_PNGs/barrier_deactivate/tile007.png
mapas/fondos/laboratorio cientifico/Barrier_Control_Panel/Individual_PNGs/barrier_deactivate/tile008.png
mapas/fondos/laboratorio cientifico/Barrier_Control_Panel/Individual_PNGs/barrier_deactivate/tile009.png
mapas/fondos/laboratorio cientifico/Barrier_Control_Panel/Individual_PNGs/barrier_deactivate/tile010.png
mapas/fondos/laboratorio cientifico/Barrier_Control_Panel/Individual_PNGs/barrier_deactivate/tile011.png
mapas/fondos/laboratorio cientifico/Barrier_Control_Panel/Individual_PNGs/barrier_deactivate/tile012.png
mapas/fondos/laboratorio cientifico/Barrier_Control_Panel/Individual_PNGs/barrier_deactivate/tile013.png
mapas/fondos/laboratorio cientifico/Barrier_Control_Panel/Individual_PNGs/barrier_deactivate/tile014.png
mapas/fondos/laboratorio cientifico/Barrier_Control_Panel/Individual_PNGs/barrier_deactivate/tile015.png
mapas/fondos/laboratorio cientifico/Barrier_Control_Panel/Individual_PNGs/barrier_deactivate/tile016.png
mapas/fondos/laboratorio cientifico/Barrier_Control_Panel/Individual_PNGs/barrier_deactivate/tile017.png
mapas/fondos/laboratorio cientifico/Barrier_Control_Panel/Individual_PNGs/barrier_idle/tile000.png
mapas/fondos/laboratorio cientifico/Barrier_Control_Panel/Individual_PNGs/barrier_idle/tile001.png
mapas/fondos/laboratorio cientifico/Barrier_Control_Panel/Individual_PNGs/barrier_idle/tile002.png
mapas/fondos/laboratorio cientifico/Barrier_Control_Panel/Individual_PNGs/barrier_idle/tile003.png
mapas/fondos/laboratorio cientifico/Barrier_Control_Panel/Individual_PNGs/barrier_idle/tile004.png
mapas/fondos/laboratorio cientifico/Barrier_Control_Panel/Individual_PNGs/barrier_idle/tile005.png
mapas/fondos/laboratorio cientifico/Barrier_Control_Panel/Individual_PNGs/barrier_idle/tile006.png
mapas/fondos/laboratorio cientifico/Barrier_Control_Panel/Individual_PNGs/barrier_idle/tile007.png
mapas/fondos/laboratorio cientifico/Barrier_Control_Panel/Individual_PNGs/barrier_idle/tile008.png
mapas/fondos/laboratorio cientifico/Barrier_Control_Panel/Individual_PNGs/barrier_idle/tile009.png
mapas/fondos/laboratorio cientifico/Barrier_Control_Panel/Individual_PNGs/barrier_idle/tile010.png
mapas/fondos/laboratorio cientifico/Barrier_Control_Panel/Individual_PNGs/barrier_idle/tile011.png
mapas/fondos/laboratorio cientifico/Barrier_Control_Panel/Individual_PNGs/barrier_idle/tile012.png
mapas/fondos/laboratorio cientifico/Barrier_Control_Panel/Individual_PNGs/barrier_idle/tile013.png
mapas/fondos/laboratorio cientifico/Barrier_Control_Panel/Individual_PNGs/barrier_idle/tile014.png
mapas/fondos/laboratorio cientifico/Barrier_Control_Panel/Individual_PNGs/barrier_idle/tile015.png
mapas/fondos/laboratorio cientifico/Barrier_Control_Panel/Individual_PNGs/barrier_idle/tile016.png
mapas/fondos/laboratorio cientifico/Barrier_Control_Panel/Individual_PNGs/barrier_idle/tile017.png
mapas/fondos/laboratorio cientifico/Barrier_Control_Panel/Individual_PNGs/control_panel_deactivate/tile000.png
mapas/fondos/laboratorio cientifico/Barrier_Control_Panel/Individual_PNGs/control_panel_deactivate/tile001.png
mapas/fondos/laboratorio cientifico/Barrier_Control_Panel/Individual_PNGs/control_panel_deactivate/tile002.png
mapas/fondos/laboratorio cientifico/Barrier_Control_Panel/Individual_PNGs/control_panel_deactivate/tile003.png
mapas/fondos/laboratorio cientifico/Barrier_Control_Panel/Individual_PNGs/control_panel_deactivate/tile004.png
mapas/fondos/laboratorio cientifico/Barrier_Control_Panel/Individual_PNGs/control_panel_deactivate/tile005.png
mapas/fondos/laboratorio cientifico/Barrier_Control_Panel/Individual_PNGs/control_panel_deactivate/tile006.png
mapas/fondos/laboratorio cientifico/Barrier_Control_Panel/Individual_PNGs/control_panel_deactivate/tile007.png
mapas/fondos/laboratorio cientifico/Barrier_Control_Panel/Individual_PNGs/control_panel_deactivate/tile008.png
mapas/fondos/laboratorio cientifico/Barrier_Control_Panel/Individual_PNGs/control_panel_deactivate/tile009.png
mapas/fondos/laboratorio cientifico/Barrier_Control_Panel/Individual_PNGs/control_panel_deactivate/tile010.png
mapas/fondos/laboratorio cientifico/Barrier_Control_Panel/Individual_PNGs/control_panel_deactivate/tile011.png
mapas/fondos/laboratorio cientifico/Barrier_Control_Panel/Individual_PNGs/control_panel_deactivate/tile012.png
mapas/fondos/laboratorio cientifico/Barrier_Control_Panel/Individual_PNGs/control_panel_deactivate/tile013.png
mapas/fondos/laboratorio cientifico/Barrier_Control_Panel/Individual_PNGs/control_panel_deactivate/tile014.png
mapas/fondos/laboratorio cientifico/Barrier_Control_Panel/Individual_PNGs/control_panel_deactivate/tile015.png
mapas/fondos/laboratorio cientifico/Barrier_Control_Panel/Individual_PNGs/control_panel_deactivate/tile016.png
mapas/fondos/laboratorio cientifico/Barrier_Control_Panel/Individual_PNGs/control_panel_deactivate/tile017.png
mapas/fondos/laboratorio cientifico/Barrier_Control_Panel/Individual_PNGs/control_panel_deactivate/tile018.png
mapas/fondos/laboratorio cientifico/Barrier_Control_Panel/Individual_PNGs/control_panel_deactivate/tile019.png
mapas/fondos/laboratorio cientifico/Barrier_Control_Panel/Individual_PNGs/control_panel_idle/tile000.png
mapas/fondos/laboratorio cientifico/Barrier_Control_Panel/Individual_PNGs/control_panel_idle/tile001.png
mapas/fondos/laboratorio cientifico/Barrier_Control_Panel/Individual_PNGs/control_panel_idle/tile002.png
mapas/fondos/laboratorio cientifico/Barrier_Control_Panel/Individual_PNGs/control_panel_idle/tile003.png
mapas/fondos/laboratorio cientifico/Barrier_Control_Panel/Individual_PNGs/control_panel_idle/tile004.png
mapas/fondos/laboratorio cientifico/Barrier_Control_Panel/Individual_PNGs/control_panel_idle/tile005.png
mapas/fondos/laboratorio cientifico/Barrier_Control_Panel/Individual_PNGs/control_panel_idle/tile006.png
mapas/fondos/laboratorio cientifico/Barrier_Control_Panel/Individual_PNGs/control_panel_idle/tile007.png
mapas/fondos/laboratorio cientifico/Barrier_Control_Panel/Individual_PNGs/control_panel_idle/tile008.png
mapas/fondos/laboratorio cientifico/Barrier_Control_Panel/Individual_PNGs/control_panel_idle/tile009.png
mapas/fondos/laboratorio cientifico/Barrier_Control_Panel/Individual_PNGs/control_panel_idle/tile010.png
mapas/fondos/laboratorio cientifico/Barrier_Control_Panel/Individual_PNGs/control_panel_idle/tile011.png
mapas/fondos/laboratorio cientifico/Barrier_Control_Panel/Individual_PNGs/control_panel_idle/tile012.png
mapas/fondos/laboratorio cientifico/Barrier_Control_Panel/Individual_PNGs/control_panel_idle/tile013.png
mapas/fondos/laboratorio cientifico/Barrier_Control_Panel/Individual_PNGs/control_panel_idle/tile014.png
mapas/fondos/laboratorio cientifico/Barrier_Control_Panel/Individual_PNGs/control_panel_idle/tile015.png
mapas/fondos/laboratorio cientifico/Barrier_Control_Panel/Individual_PNGs/control_panel_idle/tile016.png
mapas/fondos/laboratorio cientifico/Barrier_Control_Panel/Individual_PNGs/control_panel_idle/tile017.png
mapas/fondos/laboratorio cientifico/Barrier_Control_Panel/Individual_PNGs/control_panel_idle/tile018.png
mapas/fondos/laboratorio cientifico/Barrier_Control_Panel/Individual_PNGs/control_panel_idle/tile019.png
mapas/fondos/laboratorio cientifico/Barrier_Control_Panel/barrier_deactivate.gif
mapas/fondos/laboratorio cientifico/Barrier_Control_Panel/barrier_deactivate.png
mapas/fondos/laboratorio cientifico/Barrier_Control_Panel/barrier_idle.gif
mapas/fondos/laboratorio cientifico/Barrier_Control_Panel/barrier_idle.png
mapas/fondos/laboratorio cientifico/Barrier_Control_Panel/control_panel_deactivate.gif
mapas/fondos/laboratorio cientifico/Barrier_Control_Panel/control_panel_deactivate.png
mapas/fondos/laboratorio cientifico/Barrier_Control_Panel/control_panel_idle.gif
mapas/fondos/laboratorio cientifico/Barrier_Control_Panel/control_panel_idle.png
mapas/fondos/laboratorio cientifico/Decor/Individual_PNGs/decor_1.png
mapas/fondos/laboratorio cientifico/Decor/Individual_PNGs/decor_2.png
mapas/fondos/laboratorio cientifico/Decor/Individual_PNGs/decor_3.png
mapas/fondos/laboratorio cientifico/Decor/Individual_PNGs/decor_4.png
mapas/fondos/laboratorio cientifico/Decor/Individual_PNGs/decor_5.png
mapas/fondos/laboratorio cientifico/Decor/Individual_PNGs/decor_6.png
mapas/fondos/laboratorio cientifico/Decor/Individual_PNGs/decor_7.png
mapas/fondos/laboratorio cientifico/Decor/Individual_PNGs/decor_8.png
mapas/fondos/laboratorio cientifico/Decor/full decor tiles.png
mapas/fondos/laboratorio cientifico/Mockup/sci fi (decor assets) assets.png
mapas/fondos/laboratorio cientifico/Mockup/sci fi mockup .png
mapas/fondos/laboratorio cientifico/Readme.txt
mapas/fondos/laboratorio cientifico/Tileset/Individual_PNGs/Level_Tileset/tile000.png
mapas/fondos/laboratorio cientifico/Tileset/Individual_PNGs/Level_Tileset/tile001.png
mapas/fondos/laboratorio cientifico/Tileset/Individual_PNGs/Level_Tileset/tile002.png
mapas/fondos/laboratorio cientifico/Tileset/Individual_PNGs/Level_Tileset/tile003.png
mapas/fondos/laboratorio cientifico/Tileset/Individual_PNGs/Level_Tileset/tile004.png
mapas/fondos/laboratorio cientifico/Tileset/Individual_PNGs/Level_Tileset/tile005.png
mapas/fondos/laboratorio cientifico/Tileset/Individual_PNGs/Level_Tileset/tile006.png
mapas/fondos/laboratorio cientifico/Tileset/Individual_PNGs/Level_Tileset/tile007.png
mapas/fondos/laboratorio cientifico/Tileset/Individual_PNGs/Level_Tileset/tile008.png
mapas/fondos/laboratorio cientifico/Tileset/Individual_PNGs/Level_Tileset/tile009.png
mapas/fondos/laboratorio cientifico/Tileset/Individual_PNGs/Level_Tileset/tile010.png
mapas/fondos/laboratorio cientifico/Tileset/Individual_PNGs/Level_Tileset/tile011.png
mapas/fondos/laboratorio cientifico/Tileset/Individual_PNGs/Level_Tileset/tile012.png
mapas/fondos/laboratorio cientifico/Tileset/Individual_PNGs/Level_Tileset/tile013.png
mapas/fondos/laboratorio cientifico/Tileset/Individual_PNGs/Level_Tileset/tile014.png
mapas/fondos/laboratorio cientifico/Tileset/Individual_PNGs/Level_Tileset/tile015.png
mapas/fondos/laboratorio cientifico/Tileset/Individual_PNGs/Level_Tileset/tile016.png
mapas/fondos/laboratorio cientifico/Tileset/Individual_PNGs/Level_Tileset/tile017.png
mapas/fondos/laboratorio cientifico/Tileset/Individual_PNGs/Level_Tileset/tile018.png
mapas/fondos/laboratorio cientifico/Tileset/Individual_PNGs/Level_Tileset/tile019.png
mapas/fondos/laboratorio cientifico/Tileset/Individual_PNGs/Level_Tileset/tile020.png
mapas/fondos/laboratorio cientifico/Tileset/Individual_PNGs/Level_Tileset/tile021.png
mapas/fondos/laboratorio cientifico/Tileset/Individual_PNGs/Level_Tileset/tile022.png
mapas/fondos/laboratorio cientifico/Tileset/Individual_PNGs/Level_Tileset/tile023.png
mapas/fondos/laboratorio cientifico/Tileset/Individual_PNGs/Level_Tileset/tile024.png
mapas/fondos/laboratorio cientifico/Tileset/Individual_PNGs/Level_Tileset/tile025.png
mapas/fondos/laboratorio cientifico/Tileset/Individual_PNGs/Level_Tileset/tile026.png
mapas/fondos/laboratorio cientifico/Tileset/Individual_PNGs/Level_Tileset/tile027.png
mapas/fondos/laboratorio cientifico/Tileset/Individual_PNGs/Level_Tileset/tile028.png
mapas/fondos/laboratorio cientifico/Tileset/Individual_PNGs/Level_Tileset/tile029.png
mapas/fondos/laboratorio cientifico/Tileset/Individual_PNGs/Level_Tileset/tile030.png
mapas/fondos/laboratorio cientifico/Tileset/Individual_PNGs/Level_Tileset/tile031.png
mapas/fondos/laboratorio cientifico/Tileset/Individual_PNGs/Level_Tileset/tile032.png
mapas/fondos/laboratorio cientifico/Tileset/Individual_PNGs/Level_Tileset/tile033.png
mapas/fondos/laboratorio cientifico/Tileset/Individual_PNGs/Level_Tileset/tile034.png
mapas/fondos/laboratorio cientifico/Tileset/Individual_PNGs/Level_Tileset/tile035.png
mapas/fondos/laboratorio cientifico/Tileset/Individual_PNGs/Level_Tileset/tile036.png
mapas/fondos/laboratorio cientifico/Tileset/Individual_PNGs/Level_Tileset/tile037.png
mapas/fondos/laboratorio cientifico/Tileset/Individual_PNGs/Level_Tileset/tile038.png
mapas/fondos/laboratorio cientifico/Tileset/Individual_PNGs/Level_Tileset/tile039.png
mapas/fondos/laboratorio cientifico/Tileset/Individual_PNGs/Level_Tileset/tile040.png
mapas/fondos/laboratorio cientifico/Tileset/Individual_PNGs/Level_Tileset/tile041.png
mapas/fondos/laboratorio cientifico/Tileset/Individual_PNGs/Level_Tileset/tile042.png
mapas/fondos/laboratorio cientifico/Tileset/Individual_PNGs/Level_Tileset/tile043.png
mapas/fondos/laboratorio cientifico/Tileset/Individual_PNGs/Level_Tileset/tile044.png
mapas/fondos/laboratorio cientifico/Tileset/Individual_PNGs/Level_Tileset/tile045.png
mapas/fondos/laboratorio cientifico/Tileset/Individual_PNGs/Level_Tileset/tile046.png
mapas/fondos/laboratorio cientifico/Tileset/Individual_PNGs/Level_Tileset/tile047.png
mapas/fondos/laboratorio cientifico/Tileset/Individual_PNGs/Level_Tileset/tile048.png
mapas/fondos/laboratorio cientifico/Tileset/Individual_PNGs/Level_Tileset/tile049.png
mapas/fondos/laboratorio cientifico/Tileset/Individual_PNGs/Level_Tileset/tile050.png
mapas/fondos/laboratorio cientifico/Tileset/Individual_PNGs/Level_Tileset/tile051.png
mapas/fondos/laboratorio cientifico/Tileset/Individual_PNGs/Level_Tileset/tile052.png
mapas/fondos/laboratorio cientifico/Tileset/Individual_PNGs/Level_Tileset/tile053.png
mapas/fondos/laboratorio cientifico/Tileset/Individual_PNGs/Level_Tileset/tile054.png
mapas/fondos/laboratorio cientifico/Tileset/Individual_PNGs/Level_Tileset/tile055.png
mapas/fondos/laboratorio cientifico/Tileset/Individual_PNGs/Level_Tileset/tile056.png
mapas/fondos/laboratorio cientifico/Tileset/Individual_PNGs/Level_Tileset/tile057.png
mapas/fondos/laboratorio cientifico/Tileset/Individual_PNGs/Level_Tileset/tile058.png
mapas/fondos/laboratorio cientifico/Tileset/Individual_PNGs/Level_Tileset/tile059.png
mapas/fondos/laboratorio cientifico/Tileset/Individual_PNGs/Level_Tileset/tile060.png
mapas/fondos/laboratorio cientifico/Tileset/Individual_PNGs/Level_Tileset/tile061.png
mapas/fondos/laboratorio cientifico/Tileset/Individual_PNGs/Level_Tileset/tile062.png
mapas/fondos/laboratorio cientifico/Tileset/Individual_PNGs/Level_Tileset/tile063.png
mapas/fondos/laboratorio cientifico/Tileset/Individual_PNGs/Level_Tileset/tile064.png
mapas/fondos/laboratorio cientifico/Tileset/Individual_PNGs/Level_Tileset/tile065.png
mapas/fondos/laboratorio cientifico/Tileset/Individual_PNGs/Level_Tileset/tile066.png
mapas/fondos/laboratorio cientifico/Tileset/Individual_PNGs/Level_Tileset/tile067.png
mapas/fondos/laboratorio cientifico/Tileset/Individual_PNGs/Level_Tileset/tile068.png
mapas/fondos/laboratorio cientifico/Tileset/Individual_PNGs/Level_Tileset/tile069.png
mapas/fondos/laboratorio cientifico/Tileset/Individual_PNGs/Level_Tileset/tile070.png
mapas/fondos/laboratorio cientifico/Tileset/Individual_PNGs/Level_Tileset/tile071.png
mapas/fondos/laboratorio cientifico/Tileset/Individual_PNGs/Level_Tileset/tile072.png
mapas/fondos/laboratorio cientifico/Tileset/Individual_PNGs/Level_Tileset/tile073.png
mapas/fondos/laboratorio cientifico/Tileset/Individual_PNGs/Level_Tileset/tile074.png
mapas/fondos/laboratorio cientifico/Tileset/Individual_PNGs/Level_Tileset/tile075.png
mapas/fondos/laboratorio cientifico/Tileset/Individual_PNGs/Level_Tileset/tile076.png
mapas/fondos/laboratorio cientifico/Tileset/Individual_PNGs/Level_Tileset/tile077.png
mapas/fondos/laboratorio cientifico/Tileset/Individual_PNGs/Level_Tileset/tile078.png
mapas/fondos/laboratorio cientifico/Tileset/Individual_PNGs/Level_Tileset/tile079.png
mapas/fondos/laboratorio cientifico/Tileset/Individual_PNGs/Level_Tileset/tile080.png
mapas/fondos/laboratorio cientifico/Tileset/Individual_PNGs/Level_Tileset/tile081.png
mapas/fondos/laboratorio cientifico/Tileset/Individual_PNGs/Level_Tileset/tile082.png
mapas/fondos/laboratorio cientifico/Tileset/Individual_PNGs/Level_Tileset/tile083.png
mapas/fondos/laboratorio cientifico/Tileset/Individual_PNGs/Level_Tileset/tile084.png
mapas/fondos/laboratorio cientifico/Tileset/Individual_PNGs/Level_Tileset/tile085.png
mapas/fondos/laboratorio cientifico/Tileset/Individual_PNGs/Level_Tileset/tile086.png
mapas/fondos/laboratorio cientifico/Tileset/Individual_PNGs/Level_Tileset/tile087.png
mapas/fondos/laboratorio cientifico/Tileset/Individual_PNGs/Level_Tileset/tile088.png
mapas/fondos/laboratorio cientifico/Tileset/Individual_PNGs/Level_Tileset/tile089.png
mapas/fondos/laboratorio cientifico/Tileset/Individual_PNGs/Level_Tileset/tile090.png
mapas/fondos/laboratorio cientifico/Tileset/Individual_PNGs/Level_Tileset/tile091.png
mapas/fondos/laboratorio cientifico/Tileset/Individual_PNGs/Level_Tileset/tile092.png
mapas/fondos/laboratorio cientifico/Tileset/Individual_PNGs/Level_Tileset/tile093.png
mapas/fondos/laboratorio cientifico/Tileset/Individual_PNGs/Level_Tileset/tile094.png
mapas/fondos/laboratorio cientifico/Tileset/Individual_PNGs/Level_Tileset/tile095.png
mapas/fondos/laboratorio cientifico/Tileset/Individual_PNGs/Level_Tileset/tile096.png
mapas/fondos/laboratorio cientifico/Tileset/Individual_PNGs/Level_Tileset/tile097.png
mapas/fondos/laboratorio cientifico/Tileset/Individual_PNGs/Level_Tileset/tile098.png
mapas/fondos/laboratorio cientifico/Tileset/Individual_PNGs/Level_Tileset/tile099.png
mapas/fondos/laboratorio cientifico/Tileset/Individual_PNGs/platform_moving/tile000.png
mapas/fondos/laboratorio cientifico/Tileset/Individual_PNGs/platform_moving/tile001.png
mapas/fondos/laboratorio cientifico/Tileset/Individual_PNGs/platform_moving/tile002.png
mapas/fondos/laboratorio cientifico/Tileset/Individual_PNGs/platform_moving/tile003.png
mapas/fondos/laboratorio cientifico/Tileset/Individual_PNGs/platform_moving/tile004.png
mapas/fondos/laboratorio cientifico/Tileset/Individual_PNGs/platform_moving/tile005.png
mapas/fondos/laboratorio cientifico/Tileset/Individual_PNGs/platform_moving/tile006.png
mapas/fondos/laboratorio cientifico/Tileset/Individual_PNGs/platform_moving/tile007.png
mapas/fondos/laboratorio cientifico/Tileset/Individual_PNGs/platform_moving/tile008.png
mapas/fondos/laboratorio cientifico/Tileset/Individual_PNGs/platform_moving/tile009.png
mapas/fondos/laboratorio cientifico/Tileset/Individual_PNGs/platform_moving/tile010.png
mapas/fondos/laboratorio cientifico/Tileset/Individual_PNGs/platform_moving/tile011.png
mapas/fondos/laboratorio cientifico/Tileset/Individual_PNGs/platform_moving/tile012.png
mapas/fondos/laboratorio cientifico/Tileset/Individual_PNGs/platform_moving/tile013.png
mapas/fondos/laboratorio cientifico/Tileset/Individual_PNGs/platform_moving/tile014.png
mapas/fondos/laboratorio cientifico/Tileset/Individual_PNGs/platform_moving/tile015.png
mapas/fondos/laboratorio cientifico/Tileset/Individual_PNGs/platform_moving/tile016.png
mapas/fondos/laboratorio cientifico/Tileset/Individual_PNGs/platform_moving/tile017.png
mapas/fondos/laboratorio cientifico/Tileset/Individual_PNGs/platform_moving/tile018.png
mapas/fondos/laboratorio cientifico/Tileset/Individual_PNGs/platform_moving/tile019.png
mapas/fondos/laboratorio cientifico/Tileset/Individual_PNGs/platform_moving/tile020.png
mapas/fondos/laboratorio cientifico/Tileset/Individual_PNGs/platform_moving/tile021.png
mapas/fondos/laboratorio cientifico/Tileset/Individual_PNGs/platform_moving/tile022.png
mapas/fondos/laboratorio cientifico/Tileset/Individual_PNGs/platform_moving/tile023.png
mapas/fondos/laboratorio cientifico/Tileset/Individual_PNGs/platform_moving/tile024.png
mapas/fondos/laboratorio cientifico/Tileset/Individual_PNGs/platform_moving/tile025.png
mapas/fondos/laboratorio cientifico/Tileset/Individual_PNGs/platform_moving/tile026.png
mapas/fondos/laboratorio cientifico/Tileset/Individual_PNGs/platform_moving/tile027.png
mapas/fondos/laboratorio cientifico/Tileset/Individual_PNGs/platform_moving/tile028.png
mapas/fondos/laboratorio cientifico/Tileset/Individual_PNGs/platform_moving/tile029.png
mapas/fondos/laboratorio cientifico/Tileset/Individual_PNGs/platform_moving/tile030.png
mapas/fondos/laboratorio cientifico/Tileset/Individual_PNGs/platform_moving/tile031.png
mapas/fondos/laboratorio cientifico/Tileset/Individual_PNGs/platform_moving/tile032.png
mapas/fondos/laboratorio cientifico/Tileset/Individual_PNGs/platform_moving/tile033.png
mapas/fondos/laboratorio cientifico/Tileset/Individual_PNGs/platform_moving/tile034.png
mapas/fondos/laboratorio cientifico/Tileset/Individual_PNGs/platform_moving/tile035.png
mapas/fondos/laboratorio cientifico/Tileset/Individual_PNGs/platform_moving/tile036.png
mapas/fondos/laboratorio cientifico/Tileset/Individual_PNGs/platform_moving/tile037.png
mapas/fondos/laboratorio cientifico/Tileset/Individual_PNGs/platform_moving/tile038.png
mapas/fondos/laboratorio cientifico/Tileset/Individual_PNGs/platform_moving/tile039.png
mapas/fondos/laboratorio cientifico/Tileset/Individual_PNGs/platform_moving/tile040.png
mapas/fondos/laboratorio cientifico/Tileset/Individual_PNGs/platform_moving/tile041.png
mapas/fondos/laboratorio cientifico/Tileset/Individual_PNGs/platform_moving/tile042.png
mapas/fondos/laboratorio cientifico/Tileset/Individual_PNGs/platform_moving/tile043.png
mapas/fondos/laboratorio cientifico/Tileset/Individual_PNGs/platform_moving/tile044.png
mapas/fondos/laboratorio cientifico/Tileset/Individual_PNGs/platform_moving/tile045.png
mapas/fondos/laboratorio cientifico/Tileset/Individual_PNGs/platform_moving/tile046.png
mapas/fondos/laboratorio cientifico/Tileset/Individual_PNGs/platform_moving/tile047.png
mapas/fondos/laboratorio cientifico/Tileset/Individual_PNGs/platform_moving/tile048.png
mapas/fondos/laboratorio cientifico/Tileset/Individual_PNGs/platform_moving/tile049.png
mapas/fondos/laboratorio cientifico/Tileset/Individual_PNGs/platform_moving/tile050.png
mapas/fondos/laboratorio cientifico/Tileset/Individual_PNGs/platform_moving/tile051.png
mapas/fondos/laboratorio cientifico/Tileset/Individual_PNGs/platform_moving/tile052.png
mapas/fondos/laboratorio cientifico/Tileset/Individual_PNGs/platform_moving/tile053.png
mapas/fondos/laboratorio cientifico/Tileset/Individual_PNGs/platform_moving/tile054.png
mapas/fondos/laboratorio cientifico/Tileset/Individual_PNGs/platform_moving/tile055.png
mapas/fondos/laboratorio cientifico/Tileset/Individual_PNGs/platform_moving/tile056.png
mapas/fondos/laboratorio cientifico/Tileset/Individual_PNGs/platform_moving/tile057.png
mapas/fondos/laboratorio cientifico/Tileset/Individual_PNGs/platform_moving/tile058.png
mapas/fondos/laboratorio cientifico/Tileset/Individual_PNGs/platform_moving/tile059.png
mapas/fondos/laboratorio cientifico/Tileset/Individual_PNGs/platform_moving/tile060.png
mapas/fondos/laboratorio cientifico/Tileset/Individual_PNGs/platform_moving/tile061.png
mapas/fondos/laboratorio cientifico/Tileset/Individual_PNGs/platform_moving/tile062.png
mapas/fondos/laboratorio cientifico/Tileset/Individual_PNGs/platform_moving/tile063.png
mapas/fondos/laboratorio cientifico/Tileset/Individual_PNGs/platform_moving/tile064.png
mapas/fondos/laboratorio cientifico/Tileset/level_tileset.png
mapas/fondos/laboratorio cientifico/Tileset/platform_moving.gif
mapas/fondos/laboratorio cientifico/Tileset/platform_moving.png
mapas/fondos/laboratorio cientifico/Traps/Individual_PNGs/electric_turret/tile000.png
mapas/fondos/laboratorio cientifico/Traps/Individual_PNGs/electric_turret/tile001.png
mapas/fondos/laboratorio cientifico/Traps/Individual_PNGs/electric_turret/tile002.png
mapas/fondos/laboratorio cientifico/Traps/Individual_PNGs/electric_turret/tile003.png
mapas/fondos/laboratorio cientifico/Traps/Individual_PNGs/electric_turret/tile004.png
mapas/fondos/laboratorio cientifico/Traps/Individual_PNGs/electric_turret/tile005.png
mapas/fondos/laboratorio cientifico/Traps/Individual_PNGs/electric_turret/tile006.png
mapas/fondos/laboratorio cientifico/Traps/Individual_PNGs/electric_turret/tile007.png
mapas/fondos/laboratorio cientifico/Traps/Individual_PNGs/electric_turret/tile008.png
mapas/fondos/laboratorio cientifico/Traps/Individual_PNGs/electric_turret/tile009.png
mapas/fondos/laboratorio cientifico/Traps/Individual_PNGs/electric_turret/tile010.png
mapas/fondos/laboratorio cientifico/Traps/Individual_PNGs/electric_turret/tile011.png
mapas/fondos/laboratorio cientifico/Traps/Individual_PNGs/electric_turret/tile012.png
mapas/fondos/laboratorio cientifico/Traps/Individual_PNGs/electric_turret/tile013.png
mapas/fondos/laboratorio cientifico/Traps/Individual_PNGs/electric_turret/tile014.png
mapas/fondos/laboratorio cientifico/Traps/Individual_PNGs/electric_turret/tile015.png
mapas/fondos/laboratorio cientifico/Traps/Individual_PNGs/electric_turret/tile016.png
mapas/fondos/laboratorio cientifico/Traps/Individual_PNGs/electric_turret/tile017.png
mapas/fondos/laboratorio cientifico/Traps/Individual_PNGs/electric_turret/tile018.png
mapas/fondos/laboratorio cientifico/Traps/Individual_PNGs/electric_turret/tile019.png
mapas/fondos/laboratorio cientifico/Traps/Individual_PNGs/electric_turret/tile020.png
mapas/fondos/laboratorio cientifico/Traps/Individual_PNGs/electric_turret/tile021.png
mapas/fondos/laboratorio cientifico/Traps/Individual_PNGs/electric_turret/tile022.png
mapas/fondos/laboratorio cientifico/Traps/Individual_PNGs/electric_turret/tile023.png
mapas/fondos/laboratorio cientifico/Traps/Individual_PNGs/electric_turret/tile024.png
mapas/fondos/laboratorio cientifico/Traps/Individual_PNGs/laser_activate/tile000.png
mapas/fondos/laboratorio cientifico/Traps/Individual_PNGs/laser_activate/tile001.png
mapas/fondos/laboratorio cientifico/Traps/Individual_PNGs/laser_activate/tile002.png
mapas/fondos/laboratorio cientifico/Traps/Individual_PNGs/laser_activate/tile003.png
mapas/fondos/laboratorio cientifico/Traps/Individual_PNGs/laser_activate/tile004.png
mapas/fondos/laboratorio cientifico/Traps/Individual_PNGs/laser_activate/tile005.png
mapas/fondos/laboratorio cientifico/Traps/Individual_PNGs/laser_activate/tile006.png
mapas/fondos/laboratorio cientifico/Traps/Individual_PNGs/laser_activate/tile007.png
mapas/fondos/laboratorio cientifico/Traps/Individual_PNGs/laser_activate/tile008.png
mapas/fondos/laboratorio cientifico/Traps/Individual_PNGs/laser_activate/tile009.png
mapas/fondos/laboratorio cientifico/Traps/Individual_PNGs/laser_activate/tile010.png
mapas/fondos/laboratorio cientifico/Traps/Individual_PNGs/laser_activate/tile011.png
mapas/fondos/laboratorio cientifico/Traps/Individual_PNGs/laser_deactivate/tile000.png
mapas/fondos/laboratorio cientifico/Traps/Individual_PNGs/laser_deactivate/tile001.png
mapas/fondos/laboratorio cientifico/Traps/Individual_PNGs/laser_deactivate/tile002.png
mapas/fondos/laboratorio cientifico/Traps/Individual_PNGs/laser_deactivate/tile003.png
mapas/fondos/laboratorio cientifico/Traps/Individual_PNGs/laser_deactivate/tile004.png
mapas/fondos/laboratorio cientifico/Traps/Individual_PNGs/laser_deactivate/tile005.png
mapas/fondos/laboratorio cientifico/Traps/Individual_PNGs/laser_deactivate/tile006.png
mapas/fondos/laboratorio cientifico/Traps/Individual_PNGs/laser_deactivate/tile007.png
mapas/fondos/laboratorio cientifico/Traps/Individual_PNGs/laser_deactivate/tile008.png
mapas/fondos/laboratorio cientifico/Traps/Individual_PNGs/laser_idle/tile000.png
mapas/fondos/laboratorio cientifico/Traps/Individual_PNGs/laser_idle/tile001.png
mapas/fondos/laboratorio cientifico/Traps/Individual_PNGs/laser_idle/tile002.png
mapas/fondos/laboratorio cientifico/Traps/Individual_PNGs/laser_idle/tile003.png
mapas/fondos/laboratorio cientifico/Traps/Individual_PNGs/laser_idle/tile004.png
mapas/fondos/laboratorio cientifico/Traps/Individual_PNGs/laser_idle/tile005.png
mapas/fondos/laboratorio cientifico/Traps/Individual_PNGs/laser_idle/tile006.png
mapas/fondos/laboratorio cientifico/Traps/Individual_PNGs/laser_idle/tile007.png
mapas/fondos/laboratorio cientifico/Traps/Individual_PNGs/laser_spikes_activate/tile000.png
mapas/fondos/laboratorio cientifico/Traps/Individual_PNGs/laser_spikes_activate/tile001.png
mapas/fondos/laboratorio cientifico/Traps/Individual_PNGs/laser_spikes_activate/tile002.png
mapas/fondos/laboratorio cientifico/Traps/Individual_PNGs/laser_spikes_activate/tile003.png
mapas/fondos/laboratorio cientifico/Traps/Individual_PNGs/laser_spikes_activate/tile004.png
mapas/fondos/laboratorio cientifico/Traps/Individual_PNGs/laser_spikes_activate/tile005.png
mapas/fondos/laboratorio cientifico/Traps/Individual_PNGs/laser_spikes_activate/tile006.png
mapas/fondos/laboratorio cientifico/Traps/Individual_PNGs/laser_spikes_activate/tile007.png
mapas/fondos/laboratorio cientifico/Traps/Individual_PNGs/laser_spikes_activate/tile008.png
mapas/fondos/laboratorio cientifico/Traps/Individual_PNGs/laser_spikes_activate/tile009.png
mapas/fondos/laboratorio cientifico/Traps/Individual_PNGs/laser_spikes_deactivate/tile000.png
mapas/fondos/laboratorio cientifico/Traps/Individual_PNGs/laser_spikes_deactivate/tile001.png
mapas/fondos/laboratorio cientifico/Traps/Individual_PNGs/laser_spikes_deactivate/tile002.png
mapas/fondos/laboratorio cientifico/Traps/Individual_PNGs/laser_spikes_deactivate/tile003.png
mapas/fondos/laboratorio cientifico/Traps/Individual_PNGs/laser_spikes_deactivate/tile004.png
mapas/fondos/laboratorio cientifico/Traps/Individual_PNGs/laser_spikes_deactivate/tile005.png
mapas/fondos/laboratorio cientifico/Traps/Individual_PNGs/laser_spikes_deactivate/tile006.png
mapas/fondos/laboratorio cientifico/Traps/Individual_PNGs/laser_spikes_deactivate/tile007.png
mapas/fondos/laboratorio cientifico/Traps/Individual_PNGs/laser_spikes_idle/tile000.png
mapas/fondos/laboratorio cientifico/Traps/Individual_PNGs/laser_spikes_idle/tile001.png
mapas/fondos/laboratorio cientifico/Traps/Individual_PNGs/laser_spikes_idle/tile002.png
mapas/fondos/laboratorio cientifico/Traps/Individual_PNGs/laser_spikes_idle/tile003.png
mapas/fondos/laboratorio cientifico/Traps/Individual_PNGs/laser_spikes_idle/tile004.png
mapas/fondos/laboratorio cientifico/Traps/Individual_PNGs/laser_spikes_idle/tile005.png
mapas/fondos/laboratorio cientifico/Traps/Individual_PNGs/laser_spikes_idle/tile006.png
mapas/fondos/laboratorio cientifico/Traps/Individual_PNGs/laser_spikes_idle/tile007.png
mapas/fondos/laboratorio cientifico/Traps/Individual_PNGs/laser_spikes_idle/tile008.png
mapas/fondos/laboratorio cientifico/Traps/Individual_PNGs/laser_spikes_idle/tile009.png
mapas/fondos/laboratorio cientifico/Traps/Individual_PNGs/laser_turret/tile000.png
mapas/fondos/laboratorio cientifico/Traps/Individual_PNGs/laser_turret/tile001.png
mapas/fondos/laboratorio cientifico/Traps/Individual_PNGs/laser_turret/tile002.png
mapas/fondos/laboratorio cientifico/Traps/Individual_PNGs/laser_turret/tile003.png
mapas/fondos/laboratorio cientifico/Traps/Individual_PNGs/laser_turret/tile004.png
mapas/fondos/laboratorio cientifico/Traps/Individual_PNGs/laser_turret/tile005.png
mapas/fondos/laboratorio cientifico/Traps/Individual_PNGs/laser_turret/tile006.png
mapas/fondos/laboratorio cientifico/Traps/Individual_PNGs/laser_turret/tile007.png
mapas/fondos/laboratorio cientifico/Traps/Individual_PNGs/laser_turret/tile008.png
mapas/fondos/laboratorio cientifico/Traps/Individual_PNGs/laser_turret/tile009.png
mapas/fondos/laboratorio cientifico/Traps/Individual_PNGs/laser_turret/tile010.png
mapas/fondos/laboratorio cientifico/Traps/Individual_PNGs/laser_turret/tile011.png
mapas/fondos/laboratorio cientifico/Traps/Individual_PNGs/laser_turret/tile012.png
mapas/fondos/laboratorio cientifico/Traps/Individual_PNGs/laser_turret/tile013.png
mapas/fondos/laboratorio cientifico/Traps/Individual_PNGs/laser_turret/tile014.png
mapas/fondos/laboratorio cientifico/Traps/Individual_PNGs/laser_turret/tile015.png
mapas/fondos/laboratorio cientifico/Traps/Individual_PNGs/laser_turret/tile016.png
mapas/fondos/laboratorio cientifico/Traps/Individual_PNGs/saw_activate/tile000.png
mapas/fondos/laboratorio cientifico/Traps/Individual_PNGs/saw_activate/tile001.png
mapas/fondos/laboratorio cientifico/Traps/Individual_PNGs/saw_activate/tile002.png
mapas/fondos/laboratorio cientifico/Traps/Individual_PNGs/saw_activate/tile003.png
mapas/fondos/laboratorio cientifico/Traps/Individual_PNGs/saw_activate/tile004.png
mapas/fondos/laboratorio cientifico/Traps/Individual_PNGs/saw_activate/tile005.png
mapas/fondos/laboratorio cientifico/Traps/Individual_PNGs/saw_activate/tile006.png
mapas/fondos/laboratorio cientifico/Traps/Individual_PNGs/saw_activate/tile007.png
mapas/fondos/laboratorio cientifico/Traps/Individual_PNGs/saw_activate/tile008.png
mapas/fondos/laboratorio cientifico/Traps/Individual_PNGs/saw_activate/tile009.png
mapas/fondos/laboratorio cientifico/Traps/Individual_PNGs/saw_activate/tile010.png
mapas/fondos/laboratorio cientifico/Traps/Individual_PNGs/saw_activate/tile011.png
mapas/fondos/laboratorio cientifico/Traps/Individual_PNGs/saw_activate/tile012.png
mapas/fondos/laboratorio cientifico/Traps/Individual_PNGs/saw_deactivate/tile000.png
mapas/fondos/laboratorio cientifico/Traps/Individual_PNGs/saw_deactivate/tile001.png
mapas/fondos/laboratorio cientifico/Traps/Individual_PNGs/saw_deactivate/tile002.png
mapas/fondos/laboratorio cientifico/Traps/Individual_PNGs/saw_deactivate/tile003.png
mapas/fondos/laboratorio cientifico/Traps/Individual_PNGs/saw_deactivate/tile004.png
mapas/fondos/laboratorio cientifico/Traps/Individual_PNGs/saw_deactivate/tile005.png
mapas/fondos/laboratorio cientifico/Traps/Individual_PNGs/saw_deactivate/tile006.png
mapas/fondos/laboratorio cientifico/Traps/Individual_PNGs/saw_deactivate/tile007.png
mapas/fondos/laboratorio cientifico/Traps/Individual_PNGs/saw_deactivate/tile008.png
mapas/fondos/laboratorio cientifico/Traps/Individual_PNGs/saw_deactivate/tile009.png
mapas/fondos/laboratorio cientifico/Traps/Individual_PNGs/saw_deactivate/tile010.png
mapas/fondos/laboratorio cientifico/Traps/Individual_PNGs/saw_deactivate/tile011.png
mapas/fondos/laboratorio cientifico/Traps/Individual_PNGs/saw_deactivate/tile012.png
mapas/fondos/laboratorio cientifico/Traps/Individual_PNGs/saw_idle/tile000.png
mapas/fondos/laboratorio cientifico/Traps/Individual_PNGs/saw_idle/tile001.png
mapas/fondos/laboratorio cientifico/Traps/Individual_PNGs/saw_idle/tile002.png
mapas/fondos/laboratorio cientifico/Traps/Individual_PNGs/saw_idle/tile003.png
mapas/fondos/laboratorio cientifico/Traps/Individual_PNGs/saw_idle/tile004.png
mapas/fondos/laboratorio cientifico/Traps/Individual_PNGs/saw_idle/tile005.png
mapas/fondos/laboratorio cientifico/Traps/Individual_PNGs/wall_blades/tile000.png
mapas/fondos/laboratorio cientifico/Traps/Individual_PNGs/wall_blades/tile001.png
mapas/fondos/laboratorio cientifico/Traps/Individual_PNGs/wall_blades/tile002.png
mapas/fondos/laboratorio cientifico/Traps/Individual_PNGs/wall_blades/tile003.png
mapas/fondos/laboratorio cientifico/Traps/Individual_PNGs/wall_blades/tile004.png
mapas/fondos/laboratorio cientifico/Traps/Individual_PNGs/wall_blades/tile005.png
mapas/fondos/laboratorio cientifico/Traps/Individual_PNGs/wall_blades/tile006.png
mapas/fondos/laboratorio cientifico/Traps/Individual_PNGs/wall_blades/tile007.png
mapas/fondos/laboratorio cientifico/Traps/Individual_PNGs/wall_blades/tile008.png
mapas/fondos/laboratorio cientifico/Traps/Individual_PNGs/wall_blades/tile009.png
mapas/fondos/laboratorio cientifico/Traps/Individual_PNGs/wall_blades/tile010.png
mapas/fondos/laboratorio cientifico/Traps/Individual_PNGs/wall_blades/tile011.png
mapas/fondos/laboratorio cientifico/Traps/Individual_PNGs/wall_blades/tile012.png
mapas/fondos/laboratorio cientifico/Traps/Individual_PNGs/wall_blades/tile013.png
mapas/fondos/laboratorio cientifico/Traps/Individual_PNGs/wall_blades/tile014.png
mapas/fondos/laboratorio cientifico/Traps/Individual_PNGs/wall_blades/tile015.png
mapas/fondos/laboratorio cientifico/Traps/Individual_PNGs/wall_blades/tile016.png
mapas/fondos/laboratorio cientifico/Traps/Individual_PNGs/wall_blades/tile017.png
mapas/fondos/laboratorio cientifico/Traps/Individual_PNGs/wall_blades/tile018.png
mapas/fondos/laboratorio cientifico/Traps/Individual_PNGs/wall_blades/tile019.png
mapas/fondos/laboratorio cientifico/Traps/Individual_PNGs/wall_blades/tile020.png
mapas/fondos/laboratorio cientifico/Traps/Individual_PNGs/wall_blades/tile021.png
mapas/fondos/laboratorio cientifico/Traps/Individual_PNGs/wall_blades/tile022.png
mapas/fondos/laboratorio cientifico/Traps/Individual_PNGs/wall_blades/tile023.png
mapas/fondos/laboratorio cientifico/Traps/Individual_PNGs/wall_blades/tile024.png
mapas/fondos/laboratorio cientifico/Traps/Individual_PNGs/wall_blades/tile025.png
mapas/fondos/laboratorio cientifico/Traps/Individual_PNGs/wall_blades/tile026.png
mapas/fondos/laboratorio cientifico/Traps/Individual_PNGs/wall_blades/tile027.png
mapas/fondos/laboratorio cientifico/Traps/Individual_PNGs/wall_blades/tile028.png
mapas/fondos/laboratorio cientifico/Traps/electric_turret.gif
mapas/fondos/laboratorio cientifico/Traps/electric_turret.png
mapas/fondos/laboratorio cientifico/Traps/laser_activate.gif
mapas/fondos/laboratorio cientifico/Traps/laser_activate.png
mapas/fondos/laboratorio cientifico/Traps/laser_deactivate.gif
mapas/fondos/laboratorio cientifico/Traps/laser_deactivate.png
mapas/fondos/laboratorio cientifico/Traps/laser_idle.gif
mapas/fondos/laboratorio cientifico/Traps/laser_idle.png
mapas/fondos/laboratorio cientifico/Traps/laser_spikes_activate.gif
mapas/fondos/laboratorio cientifico/Traps/laser_spikes_activate.png
mapas/fondos/laboratorio cientifico/Traps/laser_spikes_deactivate.gif
mapas/fondos/laboratorio cientifico/Traps/laser_spikes_deactivate.png
mapas/fondos/laboratorio cientifico/Traps/laser_spikes_idle.gif
mapas/fondos/laboratorio cientifico/Traps/laser_spikes_idle.png
mapas/fondos/laboratorio cientifico/Traps/laser_turret.gif
mapas/fondos/laboratorio cientifico/Traps/laser_turret.png
mapas/fondos/laboratorio cientifico/Traps/saw_activate.gif
mapas/fondos/laboratorio cientifico/Traps/saw_activate.png
mapas/fondos/laboratorio cientifico/Traps/saw_deactivate.gif
mapas/fondos/laboratorio cientifico/Traps/saw_deactivate.png
mapas/fondos/laboratorio cientifico/Traps/saw_idle.gif
mapas/fondos/laboratorio cientifico/Traps/saw_idle.png
mapas/fondos/laboratorio cientifico/Traps/wall_blades.gif
mapas/fondos/laboratorio cientifico/Traps/wall_blades.png
mapas/nivel_villa.tmx
nivel_villa.tmx
sprites.atlas
sprites.png
starsoldierui/font-export.fnt
starsoldierui/font-title-export.fnt
starsoldierui/star-soldier-ui.atlas
starsoldierui/star-soldier-ui.json
starsoldierui/star-soldier-ui.png
ui/sci-fi-ui/Buttons copy.eps
ui/sci-fi-ui/Buttons copy.svg
ui/sci-fi-ui/Buttons-01.png
ui/sci-fi-ui/Buttons.ai
ui/sci-fi-ui/Elements copy.eps
ui/sci-fi-ui/Elements copy.svg
ui/sci-fi-ui/Elements-01.png
ui/sci-fi-ui/Elements.ai
ui/sci-fi-ui/Icons copy.eps
ui/sci-fi-ui/Icons copy.svg
ui/sci-fi-ui/Icons-01.png
ui/sci-fi-ui/Icons.ai
